<?xml version="1.0" encoding="UTF-8"?>
<MF0 version="1.1" packageUris="http://schema.mathworks.com/mf0/ci/19700101 http://schema.mathworks.com/mf0/sl_modelref_info/R2025a http://schema.mathworks.com/mf0/slexec_mm_sto/R2025a_202404151030 http://schema.mathworks.com/mf0/sltp_mm/R2025a_202406271200">
  <ModelRefInfoRepo.ModelRefInfoRoot type="ModelRefInfoRepo.ModelRefInfoRoot" uuid="d1f1db3b-df47-4c92-853f-a622002107f9">
    <JITEngines>sKa7aoirX9FlxyYGupvTUyE</JITEngines>
    <JITEngines>snb8ICA3Rdff8gqml1ymkuG</JITEngines>
    <busObjectsChecksum type="ModelRefInfoRepo.BusObjectInfo" uuid="fe0574e9-c97c-4dbe-a926-341bc31b1aa2">
      <Checksum>2933842719</Checksum>
      <Checksum>2284846773</Checksum>
      <Checksum>791358038</Checksum>
      <Checksum>3930301287</Checksum>
      <Name>BusInputBMS</Name>
    </busObjectsChecksum>
    <busObjectsChecksum type="ModelRefInfoRepo.BusObjectInfo" uuid="f172440c-d5f7-40bc-8fb2-6d3dbbddbdbb">
      <Checksum>1116380433</Checksum>
      <Checksum>4233791499</Checksum>
      <Checksum>1899544747</Checksum>
      <Checksum>3183869392</Checksum>
      <Name>BusOutputBMS</Name>
    </busObjectsChecksum>
    <busObjectsChecksum type="ModelRefInfoRepo.BusObjectInfo" uuid="40f7aab9-67ba-4592-9d29-26d5ca3abba0">
      <Checksum>2110857358</Checksum>
      <Checksum>1555511677</Checksum>
      <Checksum>1233351196</Checksum>
      <Checksum>2066035372</Checksum>
      <Name>BusSimulationInput</Name>
    </busObjectsChecksum>
    <calibrationData type="ModelRefInfoRepo.CalibrationData" uuid="73f00a08-ae4b-49a8-9ad2-22a60bc31b10">
      <InternalData>[{&quot;Name&quot;:&quot;&quot;,&quot;Profile&quot;:&quot;&quot;},{&quot;Name&quot;:&quot;&quot;,&quot;Profile&quot;:&quot;&quot;},{&quot;Name&quot;:&quot;&quot;,&quot;Profile&quot;:&quot;&quot;},{&quot;Name&quot;:&quot;&quot;,&quot;Profile&quot;:&quot;&quot;},{&quot;Name&quot;:&quot;&quot;,&quot;Profile&quot;:&quot;&quot;},{&quot;Name&quot;:&quot;&quot;,&quot;Profile&quot;:&quot;&quot;},{&quot;Name&quot;:&quot;&quot;,&quot;Profile&quot;:&quot;&quot;},{&quot;Name&quot;:&quot;&quot;,&quot;Profile&quot;:&quot;&quot;},{&quot;Name&quot;:&quot;&quot;,&quot;Profile&quot;:&quot;&quot;},{&quot;Name&quot;:&quot;&quot;,&quot;Profile&quot;:&quot;&quot;},{&quot;Name&quot;:&quot;&quot;,&quot;Profile&quot;:&quot;&quot;},{&quot;Name&quot;:&quot;&quot;,&quot;Profile&quot;:&quot;&quot;},{&quot;Name&quot;:&quot;&quot;,&quot;Profile&quot;:&quot;&quot;},{&quot;Name&quot;:&quot;&quot;,&quot;Profile&quot;:&quot;&quot;},{&quot;Name&quot;:&quot;&quot;,&quot;Profile&quot;:&quot;&quot;},{&quot;Name&quot;:&quot;&quot;,&quot;Profile&quot;:&quot;&quot;},{&quot;Name&quot;:&quot;&quot;,&quot;Profile&quot;:&quot;&quot;},{&quot;Name&quot;:&quot;&quot;,&quot;Profile&quot;:&quot;&quot;}]</InternalData>
      <ModelName>BMS_Master</ModelName>
      <RootIOData>[{&quot;Name&quot;:&quot;FromPlant&quot;,&quot;Profile&quot;:&quot;&quot;},{&quot;Name&quot;:&quot;InputSimulationBus&quot;,&quot;Profile&quot;:&quot;&quot;},{&quot;Name&quot;:&quot;ASWEnFlg&quot;,&quot;Profile&quot;:&quot;&quot;},{&quot;Name&quot;:&quot;ToPlant&quot;,&quot;Profile&quot;:&quot;&quot;},{&quot;Name&quot;:&quot;CBM_MaxCellBalCount&quot;,&quot;Profile&quot;:&quot;&quot;},{&quot;Name&quot;:&quot;CBM_CellBalStartCmd&quot;,&quot;Profile&quot;:&quot;&quot;}]</RootIOData>
    </calibrationData>
    <childModelRefInfo type="ModelRefInfoRepo.ChildModelRefInfo" uuid="26049bdf-0ff0-4308-9d8d-9efef4b47582">
      <modelName>BMS_Master</modelName>
      <modelPath>BMS_Master</modelPath>
    </childModelRefInfo>
    <compDerivCacheNeedsReset>false</compDerivCacheNeedsReset>
    <compZcCacheNeedsReset>false</compZcCacheNeedsReset>
    <compiledTFinal>10.0</compiledTFinal>
    <dataDictionary>dataDict.sldd</dataDictionary>
    <dataDictionarySet>dataDict.sldd</dataDictionarySet>
    <dataSourceInfo type="ModelRefInfoRepo.DataSourceInfo" uuid="51a372d5-64e4-4cbd-bf91-bd6cb9bd00f7">
      <dataSources type="ModelRefInfoRepo.SourceInfo" uuid="d108fe88-9efd-48b0-bfe9-a2294694af09">
        <includeAllSections>true</includeAllSections>
        <sourceName>dataDict.sldd</sourceName>
        <type>DataDictionary</type>
      </dataSources>
      <dataSources type="ModelRefInfoRepo.SourceInfo" uuid="a459e78e-2a76-4e0e-9d43-3ce82d136cc8">
        <includeAllSections>true</includeAllSections>
        <sourceName>base workspace</sourceName>
        <type>BaseWorkspace</type>
      </dataSources>
      <modelName>BMS_Master</modelName>
    </dataSourceInfo>
    <dataTransferInfos>AAFJTQAAAAAOAAAAOAAAAAYAAAAIAAAAAgAAAAAAAAAFAAAACAAAAAAAAAABAAAAAQAAAAAAAAAFAAQAAQAAAAEAAAAAAAAA</dataTransferInfos>
    <defaultsCMapping>{&quot;Inports&quot;:&quot;{\&quot;Name\&quot;:\&quot;Default\&quot;,\&quot;Checksum\&quot;:\&quot;Default\&quot;,\&quot;PerInstancePropertiesChecksum\&quot;:\&quot;\&quot;,\&quot;MemorySectionName\&quot;:\&quot;None\&quot;,\&quot;MemorySectionChecksum\&quot;:\&quot;None\&quot;}&quot;,&quot;Outports&quot;:&quot;{\&quot;Name\&quot;:\&quot;Default\&quot;,\&quot;Checksum\&quot;:\&quot;Default\&quot;,\&quot;PerInstancePropertiesChecksum\&quot;:\&quot;\&quot;,\&quot;MemorySectionName\&quot;:\&quot;None\&quot;,\&quot;MemorySectionChecksum\&quot;:\&quot;None\&quot;}&quot;,&quot;ParameterArguments&quot;:&quot;{\&quot;Name\&quot;:\&quot;Default\&quot;,\&quot;Checksum\&quot;:\&quot;Default\&quot;,\&quot;PerInstancePropertiesChecksum\&quot;:\&quot;\&quot;,\&quot;MemorySectionName\&quot;:\&quot;None\&quot;,\&quot;MemorySectionChecksum\&quot;:\&quot;None\&quot;}&quot;,&quot;LocalParameters&quot;:&quot;{\&quot;Name\&quot;:\&quot;Default\&quot;,\&quot;Checksum\&quot;:\&quot;Default\&quot;,\&quot;PerInstancePropertiesChecksum\&quot;:\&quot;\&quot;,\&quot;MemorySectionName\&quot;:\&quot;None\&quot;,\&quot;MemorySectionChecksum\&quot;:\&quot;None\&quot;}&quot;,&quot;GlobalParameters&quot;:&quot;{\&quot;Name\&quot;:\&quot;Default\&quot;,\&quot;Checksum\&quot;:\&quot;Default\&quot;,\&quot;PerInstancePropertiesChecksum\&quot;:\&quot;\&quot;,\&quot;MemorySectionName\&quot;:\&quot;None\&quot;,\&quot;MemorySectionChecksum\&quot;:\&quot;None\&quot;}&quot;,&quot;InternalData&quot;:&quot;{\&quot;Name\&quot;:\&quot;Default\&quot;,\&quot;Checksum\&quot;:\&quot;Default\&quot;,\&quot;PerInstancePropertiesChecksum\&quot;:\&quot;\&quot;,\&quot;MemorySectionName\&quot;:\&quot;None\&quot;,\&quot;MemorySectionChecksum\&quot;:\&quot;None\&quot;}&quot;,&quot;SharedLocalDataStores&quot;:&quot;{\&quot;Name\&quot;:\&quot;Default\&quot;,\&quot;Checksum\&quot;:\&quot;Default\&quot;,\&quot;PerInstancePropertiesChecksum\&quot;:\&quot;\&quot;,\&quot;MemorySectionName\&quot;:\&quot;None\&quot;,\&quot;MemorySectionChecksum\&quot;:\&quot;None\&quot;}&quot;,&quot;GlobalDataStores&quot;:&quot;{\&quot;Name\&quot;:\&quot;Default\&quot;,\&quot;Checksum\&quot;:\&quot;Default\&quot;,\&quot;PerInstancePropertiesChecksum\&quot;:\&quot;\&quot;,\&quot;MemorySectionName\&quot;:\&quot;None\&quot;,\&quot;MemorySectionChecksum\&quot;:\&quot;None\&quot;}&quot;,&quot;Constants&quot;:&quot;{\&quot;Name\&quot;:\&quot;Default\&quot;,\&quot;Checksum\&quot;:\&quot;Default\&quot;,\&quot;PerInstancePropertiesChecksum\&quot;:\&quot;\&quot;,\&quot;MemorySectionName\&quot;:\&quot;None\&quot;,\&quot;MemorySectionChecksum\&quot;:\&quot;None\&quot;}&quot;,&quot;DataTransfers&quot;:&quot;{\&quot;Name\&quot;:\&quot;Default\&quot;,\&quot;Checksum\&quot;:\&quot;Default\&quot;,\&quot;PerInstancePropertiesChecksum\&quot;:\&quot;\&quot;,\&quot;MemorySectionName\&quot;:\&quot;None\&quot;,\&quot;MemorySectionChecksum\&quot;:\&quot;None\&quot;}&quot;,&quot;ModelData&quot;:&quot;{\&quot;Name\&quot;:\&quot;Default\&quot;,\&quot;Checksum\&quot;:\&quot;Default\&quot;,\&quot;PerInstancePropertiesChecksum\&quot;:\&quot;\&quot;,\&quot;MemorySectionName\&quot;:\&quot;None\&quot;,\&quot;MemorySectionChecksum\&quot;:\&quot;None\&quot;}&quot;,&quot;InitializeTerminate&quot;:&quot;{\&quot;Name\&quot;:\&quot;Default\&quot;,\&quot;Checksum\&quot;:\&quot;Default\&quot;,\&quot;PerInstancePropertiesChecksum\&quot;:\&quot;\&quot;,\&quot;MemorySectionName\&quot;:\&quot;None\&quot;,\&quot;MemorySectionChecksum\&quot;:\&quot;None\&quot;}&quot;,&quot;Execution&quot;:&quot;{\&quot;Name\&quot;:\&quot;Default\&quot;,\&quot;Checksum\&quot;:\&quot;Default\&quot;,\&quot;PerInstancePropertiesChecksum\&quot;:\&quot;\&quot;,\&quot;MemorySectionName\&quot;:\&quot;None\&quot;,\&quot;MemorySectionChecksum\&quot;:\&quot;None\&quot;}&quot;,&quot;SharedUtility&quot;:&quot;{\&quot;Name\&quot;:\&quot;Default\&quot;,\&quot;Checksum\&quot;:\&quot;Default\&quot;,\&quot;PerInstancePropertiesChecksum\&quot;:\&quot;\&quot;,\&quot;MemorySectionName\&quot;:\&quot;None\&quot;,\&quot;MemorySectionChecksum\&quot;:\&quot;None\&quot;}&quot;}</defaultsCMapping>
    <fastestNoncontSigFeedingDerivPorts>-1.0</fastestNoncontSigFeedingDerivPorts>
    <fundamentalSampleTimePeriod>.005</fundamentalSampleTimePeriod>
    <globalVariables>#BMSBatteryPackData#dataDict.sldd#</globalVariables>
    <globalVariables>#BMSBatteryPackInput#dataDict.sldd#</globalVariables>
    <globalVariables>#BMSContactorModuleData#dataDict.sldd#</globalVariables>
    <globalVariables>#BusInputBMS#dataDict.sldd#</globalVariables>
    <globalVariables>#BusOutputBMS#dataDict.sldd#</globalVariables>
    <globalVariables>#BusSOCEstimation#dataDict.sldd#</globalVariables>
    <globalVariables>#BusSimulationInput#dataDict.sldd#</globalVariables>
    <globalVariables>#CellCurrentLimitThreshold_Fault#dataDict.sldd#</globalVariables>
    <globalVariables>#CellCurrentLimitThreshold_Warning#dataDict.sldd#</globalVariables>
    <globalVariables>#CellTemperatureLimitThreshold_Fault#dataDict.sldd#</globalVariables>
    <globalVariables>#CellTemperatureLimitThreshold_Warning#dataDict.sldd#</globalVariables>
    <globalVariables>#CellVoltageLimitHigh_Fault#dataDict.sldd#</globalVariables>
    <globalVariables>#CellVoltageLimitHigh_Warning#dataDict.sldd#</globalVariables>
    <globalVariables>#CellVoltageLimitLow_Fault#dataDict.sldd#</globalVariables>
    <globalVariables>#CellVoltageLimitLow_Warning#dataDict.sldd#</globalVariables>
    <globalVariables>#DeltaVTargetMin#dataDict.sldd#</globalVariables>
    <globalVariables>#LUTBattery_Charge#dataDict.sldd#</globalVariables>
    <globalVariables>#LUTBattery_Charge_Temp#dataDict.sldd#</globalVariables>
    <globalVariables>#SOCInit#dataDict.sldd#</globalVariables>
    <globalVariables>#SimulationBatteryPackInput#dataDict.sldd#</globalVariables>
    <globalVariables>#SimulationSystemInput#dataDict.sldd#</globalVariables>
    <globalVariables>#Ts#dataDict.sldd#</globalVariables>
    <globalVariables>#balancingRelaxationTime#dataDict.sldd#</globalVariables>
    <globalVariables>#balancingTime#dataDict.sldd#</globalVariables>
    <hasBlockWithPeriodicDiscreteSampleTime>true</hasBlockWithPeriodicDiscreteSampleTime>
    <hasBwsAccessed>true</hasBwsAccessed>
    <hasInlineVariantBlock>true</hasInlineVariantBlock>
    <hasNonVirtualConstantTs>true</hasNonVirtualConstantTs>
    <hasStatesModifiedInOutputUpdate>true</hasStatesModifiedInOutputUpdate>
    <inports type="ModelRefInfoRepo.InportInformation" uuid="6878203c-45ec-401a-81df-8cfb4407a7ff">
      <isNotDerivPort>true</isNotDerivPort>
      <designMax>inf</designMax>
      <designMin>-inf</designMin>
      <indexType>2</indexType>
      <rateInfos type="ModelRefInfoRepo.RateInfo">
        <compiled>true</compiled>
        <nonFcnCallPartitionName>D1</nonFcnCallPartitionName>
        <period>.01</period>
        <priority>40</priority>
        <rateIdx>1</rateIdx>
      </rateInfos>
      <resolvedSignalObject></resolvedSignalObject>
      <trueHiers>0</trueHiers>
      <executionInterface type="ModelRefInfoRepo.InputExecutionInterface" uuid="b4809c46-8762-4207-aff5-e4aaa396156c"/>
      <sigNameToEMVCEMap type="ModelRefInfoRepo.SigNameEMVCEInfo" uuid="083297db-c233-4cd9-be0f-ae3e6bba9b8f"/>
    </inports>
    <inports type="ModelRefInfoRepo.InportInformation" uuid="d0241d8a-e9be-41ec-bb2f-aee7adf8421a">
      <isNotDerivPort>true</isNotDerivPort>
      <designMax>inf</designMax>
      <designMin>-inf</designMin>
      <indexType>2</indexType>
      <originalPortNumber>1</originalPortNumber>
      <rateInfos type="ModelRefInfoRepo.RateInfo">
        <compiled>true</compiled>
        <nonFcnCallPartitionName>D1</nonFcnCallPartitionName>
        <period>.01</period>
        <priority>40</priority>
        <rateIdx>1</rateIdx>
      </rateInfos>
      <resolvedSignalObject></resolvedSignalObject>
      <trueHiers>0</trueHiers>
      <executionInterface type="ModelRefInfoRepo.InputExecutionInterface" uuid="3801032c-de22-4cc4-8ef0-373682016828"/>
      <sigNameToEMVCEMap type="ModelRefInfoRepo.SigNameEMVCEInfo" uuid="41ae5140-8814-420c-a777-40e826da9f1b"/>
    </inports>
    <inports type="ModelRefInfoRepo.InportInformation" uuid="ddf6ab62-bfa4-488f-8f0e-4caeed326ca1">
      <isNotDerivPort>true</isNotDerivPort>
      <designMax>inf</designMax>
      <designMin>-inf</designMin>
      <indexType>2</indexType>
      <originalPortNumber>2</originalPortNumber>
      <rateInfos type="ModelRefInfoRepo.RateInfo">
        <compiled>true</compiled>
        <nonFcnCallPartitionName>D1</nonFcnCallPartitionName>
        <period>.01</period>
        <priority>40</priority>
        <rateIdx>1</rateIdx>
      </rateInfos>
      <resolvedSignalObject></resolvedSignalObject>
      <trueHiers>0</trueHiers>
      <executionInterface type="ModelRefInfoRepo.InputExecutionInterface" uuid="6daac81f-ed38-4b23-ab26-653b2374399c"/>
      <sigNameToEMVCEMap type="ModelRefInfoRepo.SigNameEMVCEInfo" uuid="4eace1e8-2bba-44ce-b894-1262d3e1a729"/>
    </inports>
    <isBdInSimModeForSimCodegenVariants>false</isBdInSimModeForSimCodegenVariants>
    <isInlineParamsOn>true</isInlineParamsOn>
    <isOrigInportVirtualBus>false</isOrigInportVirtualBus>
    <isOrigInportVirtualBus>false</isOrigInportVirtualBus>
    <isOrigInportVirtualBus>false</isOrigInportVirtualBus>
    <isOrigOutportVirtualBus>false</isOrigOutportVirtualBus>
    <isOrigOutportVirtualBus>false</isOrigOutportVirtualBus>
    <isOrigOutportVirtualBus>false</isOrigOutportVirtualBus>
    <loggingSaveFormat>2</loggingSaveFormat>
    <maxFreqHz>-1.0</maxFreqHz>
    <numDStateRecs>18</numDStateRecs>
    <numDStateRecsInMdl>18</numDStateRecsInMdl>
    <numDataInputPorts>3</numDataInputPorts>
    <numLoggableDStateRecs>18</numLoggableDStateRecs>
    <numLoggableDStateRecsInMdl>18</numLoggableDStateRecsInMdl>
    <numLoggableJacobianDStates>18</numLoggableJacobianDStates>
    <numSigs>1</numSigs>
    <origInportBusType></origInportBusType>
    <origInportBusType></origInportBusType>
    <origInportBusType></origInportBusType>
    <origOutportBusOutputAsStruct>false</origOutportBusOutputAsStruct>
    <origOutportBusOutputAsStruct>false</origOutportBusOutputAsStruct>
    <origOutportBusOutputAsStruct>false</origOutportBusOutputAsStruct>
    <origOutportBusType>BusOutputBMS</origOutportBusType>
    <origOutportBusType></origOutportBusType>
    <origOutportBusType></origOutportBusType>
    <outports type="ModelRefInfoRepo.OutportInformation" uuid="a880f4f0-f701-451c-9272-e09f3f463573">
      <designMax>inf</designMax>
      <designMin>-inf</designMin>
      <indexType>2</indexType>
      <rateInfos type="ModelRefInfoRepo.RateInfo">
        <compiled>true</compiled>
        <nonFcnCallPartitionName>D1</nonFcnCallPartitionName>
        <period>.01</period>
        <priority>40</priority>
        <rateIdx>1</rateIdx>
      </rateInfos>
      <resolvedSignalObject></resolvedSignalObject>
      <trueHiers>0</trueHiers>
      <executionInterface type="ModelRefInfoRepo.OutputExecutionInterface" uuid="e2f2198a-e04c-4da6-ae17-2377c0899f0f"/>
      <sigNameToEMVCEMap type="ModelRefInfoRepo.SigNameEMVCEInfo" uuid="7c4e4ed5-73ae-42cf-a1cd-0d7fcf9f7ac8"/>
    </outports>
    <outports type="ModelRefInfoRepo.OutportInformation" uuid="cd5fc31e-868a-4b6f-9275-840be2425dbe">
      <hasSystemInitMethod>true</hasSystemInitMethod>
      <designMax>inf</designMax>
      <designMin>-inf</designMin>
      <indexType>2</indexType>
      <originalPortNumber>1</originalPortNumber>
      <rateInfos type="ModelRefInfoRepo.RateInfo">
        <compiled>true</compiled>
        <nonFcnCallPartitionName>D1</nonFcnCallPartitionName>
        <period>.01</period>
        <priority>40</priority>
        <rateIdx>1</rateIdx>
      </rateInfos>
      <resolvedSignalObject></resolvedSignalObject>
      <trueHiers>0</trueHiers>
      <executionInterface type="ModelRefInfoRepo.OutputExecutionInterface" uuid="ce6eab4a-0fe2-4fd9-883c-488200968645"/>
      <sigNameToEMVCEMap type="ModelRefInfoRepo.SigNameEMVCEInfo" uuid="c93915d6-d0f0-4f09-bfa0-e8d623b0d7f2"/>
    </outports>
    <outports type="ModelRefInfoRepo.OutportInformation" uuid="f35ffce7-2001-44b3-99c5-e8d66d23464b">
      <hasSystemInitMethod>true</hasSystemInitMethod>
      <designMax>inf</designMax>
      <designMin>-inf</designMin>
      <indexType>2</indexType>
      <originalPortNumber>2</originalPortNumber>
      <rateInfos type="ModelRefInfoRepo.RateInfo">
        <compiled>true</compiled>
        <nonFcnCallPartitionName>D1</nonFcnCallPartitionName>
        <period>.01</period>
        <priority>40</priority>
        <rateIdx>1</rateIdx>
      </rateInfos>
      <resolvedSignalObject></resolvedSignalObject>
      <trueHiers>0</trueHiers>
      <executionInterface type="ModelRefInfoRepo.OutputExecutionInterface" uuid="feb704eb-0faa-4337-9604-5e7213c2258c"/>
      <sigNameToEMVCEMap type="ModelRefInfoRepo.SigNameEMVCEInfo" uuid="c152f9ed-98f4-459b-80a8-10f230f54879"/>
    </outports>
    <removeResetFunc>true</removeResetFunc>
    <runtimeNonFcnCallRateInfos type="ModelRefInfoRepo.RateInfo">
      <compiled>true</compiled>
      <isEmpty>true</isEmpty>
      <nonFcnCallPartitionName>D1</nonFcnCallPartitionName>
      <period>.005</period>
      <priority>40</priority>
      <rateIdx>0</rateIdx>
    </runtimeNonFcnCallRateInfos>
    <runtimeNonFcnCallRateInfos type="ModelRefInfoRepo.RateInfo">
      <compiled>true</compiled>
      <nonFcnCallPartitionName>D1</nonFcnCallPartitionName>
      <period>.01</period>
      <priority>40</priority>
      <rateIdx>1</rateIdx>
    </runtimeNonFcnCallRateInfos>
    <sampleTimeInheritanceRule>2</sampleTimeInheritanceRule>
    <solverStatusFlags>323</solverStatusFlags>
    <standaloneEnumInfos type="ModelRefInfoRepo.StandaloneEnumInfo" uuid="94c95898-d046-476a-8acf-e3f058261371">
      <defaultValue>Parking</defaultValue>
      <enumName>SystemState_t</enumName>
      <labels>Parking</labels>
      <labels>Driving</labels>
      <labels>Charging</labels>
      <labels>Balancing</labels>
      <storageType>int16</storageType>
      <values>0</values>
      <values>1</values>
      <values>2</values>
      <values>3</values>
    </standaloneEnumInfos>
    <standaloneEnumInfos type="ModelRefInfoRepo.StandaloneEnumInfo" uuid="6e74c59e-441f-4b60-892c-977852042f26">
      <defaultValue>NoFault</defaultValue>
      <enumName>DiagSts</enumName>
      <labels>NoFault</labels>
      <labels>OverCurrentWarning</labels>
      <labels>OverCurrentFault</labels>
      <labels>OverTemperatureWarning</labels>
      <labels>OverTemperatureFault</labels>
      <labels>OverVoltageWarning</labels>
      <labels>OverVoltageFault</labels>
      <labels>UnderVoltageWarning</labels>
      <labels>UnderVoltageFault</labels>
      <storageType>int32</storageType>
      <values>0</values>
      <values>1</values>
      <values>2</values>
      <values>3</values>
      <values>4</values>
      <values>5</values>
      <values>6</values>
      <values>7</values>
      <values>8</values>
    </standaloneEnumInfos>
    <timingAndTaskingRegistry>&lt;?xml version=&quot;1.0&quot;?&gt;
&lt;slexec_sto version=&quot;1.1&quot; packageUris=&quot;http://schema.mathworks.com/mf0/slexec_mm_sto/R2025a_202404151030&quot;&gt;
  &lt;sto.Registry type=&quot;sto.Registry&quot; uuid=&quot;4d8773b1-4dbf-4ca3-a61d-6b227ad4dc67&quot;&gt;
    &lt;executionSpec&gt;Undetermined&lt;/executionSpec&gt;
    &lt;identifier&gt;BMS_Master&lt;/identifier&gt;
    &lt;clockRegistry type=&quot;sto.ClockRegistry&quot; uuid=&quot;b857f3f3-b243-4012-9199-41a5a99c7091&quot;&gt;
      &lt;clocks type=&quot;sto.Timer&quot; uuid=&quot;e9b24e3a-aeb3-4352-835e-e4603aefd741&quot;&gt;
        &lt;computedFundamentalDiscretePeriod&gt;.005&lt;/computedFundamentalDiscretePeriod&gt;
        &lt;fastestDiscreteRate type=&quot;sto.ClassicPeriodicDiscreteRate&quot; uuid=&quot;4a3b3fd9-3805-43b8-9821-a6def4990119&quot;/&gt;
        &lt;isDefaultTimer&gt;true&lt;/isDefaultTimer&gt;
        &lt;resolution&gt;.005&lt;/resolution&gt;
        &lt;timeAdvanceMode&gt;FixedStep&lt;/timeAdvanceMode&gt;
        &lt;identifier&gt;BMS_Master::defaultTimer&lt;/identifier&gt;
        &lt;rates type=&quot;sto.ClassicPeriodicDiscreteRate&quot; uuid=&quot;4a3b3fd9-3805-43b8-9821-a6def4990119&quot;&gt;
          &lt;annotation&gt;D1&lt;/annotation&gt;
          &lt;clockId&gt;BMS_Master::defaultTimer&lt;/clockId&gt;
          &lt;description&gt;Discrete 1&lt;/description&gt;
          &lt;taskId&gt;_task0&lt;/taskId&gt;
          &lt;rateSpec type=&quot;sto.RateSpec&quot; uuid=&quot;3c9c3812-46a3-49be-9aa0-cd5f3a7b7d56&quot;&gt;
            &lt;period&gt;.005&lt;/period&gt;
            &lt;rateType&gt;ClassicPeriodicDiscrete&lt;/rateType&gt;
          &lt;/rateSpec&gt;
        &lt;/rates&gt;
        &lt;rates type=&quot;sto.ClassicPeriodicDiscreteRate&quot; uuid=&quot;94ecfe70-cba8-4bf8-b849-0216dcb3f7f2&quot;&gt;
          &lt;annotation&gt;D2&lt;/annotation&gt;
          &lt;clockId&gt;BMS_Master::defaultTimer&lt;/clockId&gt;
          &lt;colorIndex&gt;1&lt;/colorIndex&gt;
          &lt;description&gt;Discrete 2&lt;/description&gt;
          &lt;rateIdx&gt;1&lt;/rateIdx&gt;
          &lt;taskId&gt;_task0&lt;/taskId&gt;
          &lt;rateSpec type=&quot;sto.RateSpec&quot; uuid=&quot;82497d7b-ccd6-4025-806c-be111d5ccd2d&quot;&gt;
            &lt;period&gt;.01&lt;/period&gt;
            &lt;rateType&gt;ClassicPeriodicDiscrete&lt;/rateType&gt;
          &lt;/rateSpec&gt;
        &lt;/rates&gt;
        &lt;baseRate type=&quot;sto.ClassicPeriodicDiscreteRate&quot; uuid=&quot;cb69416d-3075-41fb-8edc-60871c3b3373&quot;&gt;
          &lt;annotation&gt;D1&lt;/annotation&gt;
          &lt;clockId&gt;BMS_Master::defaultTimer&lt;/clockId&gt;
          &lt;description&gt;Discrete 1&lt;/description&gt;
          &lt;taskId&gt;_task0&lt;/taskId&gt;
          &lt;rateSpec type=&quot;sto.RateSpec&quot; uuid=&quot;5fd77918-2383-40e4-bad6-5fce4f7067d0&quot;&gt;
            &lt;period&gt;.005&lt;/period&gt;
            &lt;rateType&gt;ClassicPeriodicDiscrete&lt;/rateType&gt;
          &lt;/rateSpec&gt;
        &lt;/baseRate&gt;
      &lt;/clocks&gt;
      &lt;clocks type=&quot;sto.Event&quot; uuid=&quot;5beef374-05ee-45fb-a4be-6dd6f90cd759&quot;&gt;
        &lt;eventType&gt;PARAMETER_CHANGE_EVENT&lt;/eventType&gt;
        &lt;cNum&gt;1&lt;/cNum&gt;
        &lt;clockType&gt;Event&lt;/clockType&gt;
        &lt;identifier&gt;ParameterChangeEvent&lt;/identifier&gt;
        &lt;rates type=&quot;sto.ModelWideEventRate&quot; uuid=&quot;c4f33edb-687f-45c2-b31b-2ed992c1d4aa&quot;&gt;
          &lt;clockId&gt;ParameterChangeEvent&lt;/clockId&gt;
          &lt;rateIdx&gt;-1&lt;/rateIdx&gt;
          &lt;taskId&gt;ModelWideParameterChangeEvent&lt;/taskId&gt;
          &lt;useForExecution&gt;NotForExecution&lt;/useForExecution&gt;
          &lt;rateSpec type=&quot;sto.RateSpec&quot; uuid=&quot;c1679c23-7f00-45b9-b876-28bedf544975&quot;&gt;
            &lt;period&gt;inf&lt;/period&gt;
            &lt;rateType&gt;ModelWideParameterChangeEvent&lt;/rateType&gt;
          &lt;/rateSpec&gt;
        &lt;/rates&gt;
      &lt;/clocks&gt;
      &lt;timeAdvanceMode&gt;FixedStep&lt;/timeAdvanceMode&gt;
    &lt;/clockRegistry&gt;
    &lt;taskRegistry type=&quot;sto.TaskRegistry&quot; uuid=&quot;07f2ea48-8806-4863-82df-dc3fffb6da48&quot;&gt;
      &lt;rootTaskHierarchyElements type=&quot;sto.Task&quot; uuid=&quot;98c39f7a-8f5d-43b5-8b45-d633e9217524&quot;&gt;
        &lt;isExplicit&gt;true&lt;/isExplicit&gt;
        &lt;rates type=&quot;sto.ModelWideEventRate&quot; uuid=&quot;7e639d19-eb50-4a2c-99bb-6b7bcfc1d0c2&quot;&gt;
          &lt;clockId&gt;ParameterChangeEvent&lt;/clockId&gt;
          &lt;rateIdx&gt;-1&lt;/rateIdx&gt;
          &lt;taskId&gt;ModelWideParameterChangeEvent&lt;/taskId&gt;
          &lt;useForExecution&gt;NotForExecution&lt;/useForExecution&gt;
          &lt;rateSpec type=&quot;sto.RateSpec&quot; uuid=&quot;2394a666-5d02-4cb3-9482-20797a16698d&quot;&gt;
            &lt;period&gt;inf&lt;/period&gt;
            &lt;rateType&gt;ModelWideParameterChangeEvent&lt;/rateType&gt;
          &lt;/rateSpec&gt;
        &lt;/rates&gt;
        &lt;schedulingClockId&gt;ParameterChangeEvent&lt;/schedulingClockId&gt;
        &lt;timeKeeperClockId&gt;BMS_Master::defaultTimer&lt;/timeKeeperClockId&gt;
        &lt;elementType&gt;Task&lt;/elementType&gt;
        &lt;identifier&gt;ModelWideParameterChangeEvent&lt;/identifier&gt;
        &lt;priority&gt;-1&lt;/priority&gt;
      &lt;/rootTaskHierarchyElements&gt;
      &lt;rootTaskHierarchyElements type=&quot;sto.Task&quot; uuid=&quot;2c13f89b-1faf-4cb7-83cc-85ac9503fd75&quot;&gt;
        &lt;isExecutable&gt;true&lt;/isExecutable&gt;
        &lt;orderIndex&gt;1&lt;/orderIndex&gt;
        &lt;rates type=&quot;sto.ClassicPeriodicDiscreteRate&quot; uuid=&quot;a2c26666-42b3-42b5-86be-93baba1befd5&quot;&gt;
          &lt;annotation&gt;D1&lt;/annotation&gt;
          &lt;clockId&gt;BMS_Master::defaultTimer&lt;/clockId&gt;
          &lt;description&gt;Discrete 1&lt;/description&gt;
          &lt;taskId&gt;_task0&lt;/taskId&gt;
          &lt;rateSpec type=&quot;sto.RateSpec&quot; uuid=&quot;dff5f486-5990-4bd0-85e2-1cad59c90bb0&quot;&gt;
            &lt;period&gt;.005&lt;/period&gt;
            &lt;rateType&gt;ClassicPeriodicDiscrete&lt;/rateType&gt;
          &lt;/rateSpec&gt;
        &lt;/rates&gt;
        &lt;rates type=&quot;sto.ClassicPeriodicDiscreteRate&quot; uuid=&quot;37afe25c-e76a-418e-9a8c-680ffdbfa549&quot;&gt;
          &lt;annotation&gt;D2&lt;/annotation&gt;
          &lt;clockId&gt;BMS_Master::defaultTimer&lt;/clockId&gt;
          &lt;colorIndex&gt;1&lt;/colorIndex&gt;
          &lt;description&gt;Discrete 2&lt;/description&gt;
          &lt;rateIdx&gt;1&lt;/rateIdx&gt;
          &lt;taskId&gt;_task0&lt;/taskId&gt;
          &lt;rateSpec type=&quot;sto.RateSpec&quot; uuid=&quot;80064041-de56-46fe-bdad-efd9c129a6df&quot;&gt;
            &lt;period&gt;.01&lt;/period&gt;
            &lt;rateType&gt;ClassicPeriodicDiscrete&lt;/rateType&gt;
          &lt;/rateSpec&gt;
        &lt;/rates&gt;
        &lt;schedulingClockId&gt;BMS_Master::defaultTimer&lt;/schedulingClockId&gt;
        &lt;timeKeeperClockId&gt;BMS_Master::defaultTimer&lt;/timeKeeperClockId&gt;
        &lt;elementType&gt;Task&lt;/elementType&gt;
        &lt;identifier&gt;_task0&lt;/identifier&gt;
        &lt;priority&gt;40&lt;/priority&gt;
      &lt;/rootTaskHierarchyElements&gt;
      &lt;taskDependencyGraph type=&quot;sto.SerializedTaskConnectionList&quot; uuid=&quot;32205c6c-1e68-43bd-b459-1a4171423aa8&quot;&gt;
        &lt;clockIdentifier&gt;ParameterChangeEvent&lt;/clockIdentifier&gt;
        &lt;taskIdentifier&gt;ModelWideParameterChangeEvent&lt;/taskIdentifier&gt;
      &lt;/taskDependencyGraph&gt;
      &lt;taskDependencyGraph type=&quot;sto.SerializedTaskConnectionList&quot; uuid=&quot;49f6f789-e347-493f-b213-e5267fbe8029&quot;&gt;
        &lt;clockIdentifier&gt;BMS_Master::defaultTimer&lt;/clockIdentifier&gt;
        &lt;taskIdentifier&gt;_task0&lt;/taskIdentifier&gt;
      &lt;/taskDependencyGraph&gt;
      &lt;taskPriorityDirection&gt;HighNumberLast&lt;/taskPriorityDirection&gt;
    &lt;/taskRegistry&gt;
  &lt;/sto.Registry&gt;
&lt;/slexec_sto&gt;</timingAndTaskingRegistry>
    <userSpecifiedFixedStepSize>.005</userSpecifiedFixedStepSize>
    <varSigHier>,,</varSigHier>
    <zeroInternalMemoryAtStartupUnchecked>true</zeroInternalMemoryAtStartupUnchecked>
    <FMUBlockMap type="ModelRefInfoRepo.FMUBlockInfo" uuid="7872cb67-7d4a-4263-a710-ae24c3e39323"/>
    <codeGenInfo type="ModelRefInfoRepo.CodeGenInformation" uuid="69b8743a-eef3-4dfb-9b3b-2722e63177a1"/>
    <compiledVariantInfos type="ModelRefInfoRepo.CompiledVariantInfoMap" uuid="a3790399-5039-418d-b1f5-a0728f239922"/>
    <configSettingsForConsistencyChecks type="ModelRefInfoRepo.ConfigSettingsForConsistencyChecks" uuid="b3dd4644-9e7f-4c1c-aa39-4de1407c1e6f">
      <consistentOutportInitialization>true</consistentOutportInitialization>
      <dateTimeAtTZero>0.0</dateTimeAtTZero>
      <dateTimeAtTZero>0.0</dateTimeAtTZero>
      <dateTimeAtTZero>0.0</dateTimeAtTZero>
      <dateTimeAtTZero>0.0</dateTimeAtTZero>
      <dateTimeAtTZero>0.0</dateTimeAtTZero>
      <dateTimeAtTZero>0.0</dateTimeAtTZero>
      <fixedStepSize>.005</fixedStepSize>
      <frameDiagnosticSetting>2</frameDiagnosticSetting>
      <hasHybridSampleTime>true</hasHybridSampleTime>
      <optimizedInitCode>true</optimizedInitCode>
      <signalLoggingSaveFormat>2</signalLoggingSaveFormat>
      <simSIMDOptimization>1</simSIMDOptimization>
      <solverName>FixedStepDiscrete</solverName>
      <solverType>SOLVER_TYPE_FIXEDSTEP</solverType>
      <hardwareSettings type="ModelRefInfoRepo.HardwareSettings" uuid="11e521b6-b8d0-43b8-a8ca-c4f1eabf9bd4">
        <prodBitPerChar>8</prodBitPerChar>
        <prodBitPerDouble>64</prodBitPerDouble>
        <prodBitPerFloat>32</prodBitPerFloat>
        <prodBitPerInt>32</prodBitPerInt>
        <prodBitPerLong>32</prodBitPerLong>
        <prodBitPerLongLong>64</prodBitPerLongLong>
        <prodBitPerPointer>32</prodBitPerPointer>
        <prodBitPerPtrDiffT>32</prodBitPerPtrDiffT>
        <prodBitPerShort>16</prodBitPerShort>
        <prodBitPerSizeT>32</prodBitPerSizeT>
        <prodEndianess>1</prodEndianess>
        <prodLargestAtomicFloat>2</prodLargestAtomicFloat>
        <prodShiftRight>true</prodShiftRight>
        <prodWordSize>32</prodWordSize>
      </hardwareSettings>
    </configSettingsForConsistencyChecks>
    <controllableInputRatesMap type="ModelRefInfoRepo.VarTsUIDMap" uuid="96ebf31d-66b9-416a-94da-2e8ccf573bd7"/>
    <controllableOutputRatesMap type="ModelRefInfoRepo.VarTsUIDMap" uuid="81661c75-79b0-4da3-af02-9902244af967"/>
    <dataPortGroup type="ModelRefInfoRepo.DataPortGroup" uuid="adcc024d-9b3b-414f-b665-d140176bf1b1">
      <compDataInputPorts>0</compDataInputPorts>
      <compDataInputPorts>1</compDataInputPorts>
      <compDataInputPorts>2</compDataInputPorts>
      <compDataOutputPorts>0</compDataOutputPorts>
      <compDataOutputPorts>1</compDataOutputPorts>
      <compDataOutputPorts>2</compDataOutputPorts>
      <dataInputPorts>0</dataInputPorts>
      <dataInputPorts>1</dataInputPorts>
      <dataInputPorts>2</dataInputPorts>
      <dataOutputPorts>0</dataOutputPorts>
      <dataOutputPorts>1</dataOutputPorts>
      <dataOutputPorts>2</dataOutputPorts>
    </dataPortGroup>
    <expFcnUnconnectedDataPortGroup type="ModelRefInfoRepo.DataPortGroup" uuid="f39b17eb-90fb-480f-ac22-d89a6d7a40f1"/>
    <interfaceParameterInfo type="ModelRefInfoRepo.InterfaceParameterInfo" uuid="4e84dd88-b1ad-4731-a9e9-f47af8d4cc7c"/>
    <messageInfo type="ModelRefInfoRepo.MessageInformation" uuid="9e8b477a-4aca-445c-bfb2-df8db96399ac"/>
    <methodInfo type="ModelRefInfoRepo.MethodExistenceInfo" uuid="d420f07e-f6bf-449d-9431-a5497c99f552"/>
    <periodicEventPortUnsupportedBlockInfo type="ModelRefInfoRepo.PeriodicEventPortUnsupportedBlockInfo" uuid="5409d9a4-dac7-4ca8-aed7-3e3212278628"/>
    <portGroupsRequireSameRate type="ModelRefInfoRepo.PortGroupsRequireSameRate" uuid="a989c1a9-a6aa-4b4b-bc4a-15df385ddc7f">
      <DSMPortGroups type="ModelRefInfoRepo.NameToPortGroupIdxVectMap" uuid="1ff58f59-dc15-45b9-b3f2-e66c1816699c"/>
      <GlobalDSMPortGroups type="ModelRefInfoRepo.NameToPortGroupIdxVectMap" uuid="b0e54527-0d83-44a2-96a2-93a4696a76d0"/>
      <mergedPortGroups type="ModelRefInfoRepo.NameToPortGroupIdxVectMap" uuid="664dba82-d72e-489f-82bf-38812ba1ad99"/>
    </portGroupsRequireSameRate>
    <rateBasedMdlGlobalDSMRateSpec type="ModelRefInfoRepo.GlobalDSMRateSpecMap" uuid="c5edc815-babc-4546-83ce-b2adb1211ca1"/>
    <rateSpecOfGlobalDSMAccessedByDescExpFcnMdlMap type="ModelRefInfoRepo.GlobalDSMRateSpecMap" uuid="5f9f82be-4c18-4355-a595-ec0093ed0a1f"/>
    <rootBlockDiagramInterface type="ci.Model" uuid="0b579793-0255-4542-b8a1-e6886804931d">
      <p_RootComponentInterface type="ci.ComponentInterface" uuid="f9306105-d7c5-414a-8244-270f97fb1976">
        <p_InputPorts type="ci.SignalInterface" uuid="e1e02b27-1109-469f-923a-fb24849d5a1e">
          <p_ComputedNumericDimensions>1.0</p_ComputedNumericDimensions>
          <p_ComputedSampleTime>.01</p_ComputedSampleTime>
          <p_ComputedSampleTime>0.0</p_ComputedSampleTime>
          <p_ComputedType>BusInputBMS</p_ComputedType>
          <p_Name>FromPlant</p_Name>
        </p_InputPorts>
        <p_InputPorts type="ci.SignalInterface" uuid="3a06a04e-98a4-488b-ab5f-91d14e1aa2ad">
          <p_ComputedNumericDimensions>1.0</p_ComputedNumericDimensions>
          <p_ComputedSampleTime>.01</p_ComputedSampleTime>
          <p_ComputedSampleTime>0.0</p_ComputedSampleTime>
          <p_ComputedType>BusSimulationInput</p_ComputedType>
          <p_Name>InputSimulationBus</p_Name>
        </p_InputPorts>
        <p_InputPorts type="ci.SignalInterface" uuid="36bb2afb-b317-4cdd-8524-b4202bb33d1f">
          <p_ComputedNumericDimensions>1.0</p_ComputedNumericDimensions>
          <p_ComputedSampleTime>.01</p_ComputedSampleTime>
          <p_ComputedSampleTime>0.0</p_ComputedSampleTime>
          <p_ComputedType>boolean</p_ComputedType>
          <p_Name>ASWEnFlg</p_Name>
        </p_InputPorts>
        <p_Name>BMS_Master</p_Name>
        <p_OutputPorts type="ci.SignalInterface" uuid="ae0b4248-bf98-4294-8202-1b11008978a9">
          <p_ComputedNumericDimensions>1.0</p_ComputedNumericDimensions>
          <p_ComputedSampleTime>.01</p_ComputedSampleTime>
          <p_ComputedSampleTime>0.0</p_ComputedSampleTime>
          <p_ComputedType>BusOutputBMS</p_ComputedType>
          <p_Name>ToPlant</p_Name>
        </p_OutputPorts>
        <p_OutputPorts type="ci.SignalInterface" uuid="51a691e6-07da-4d93-966c-b6e225c95947">
          <p_ComputedNumericDimensions>1.0</p_ComputedNumericDimensions>
          <p_ComputedSampleTime>.01</p_ComputedSampleTime>
          <p_ComputedSampleTime>0.0</p_ComputedSampleTime>
          <p_Name>CBM_MaxCellBalCount</p_Name>
        </p_OutputPorts>
        <p_OutputPorts type="ci.SignalInterface" uuid="9e9743c3-6d2c-4c1a-9a46-036c52bc452d">
          <p_ComputedNumericDimensions>1.0</p_ComputedNumericDimensions>
          <p_ComputedSampleTime>.01</p_ComputedSampleTime>
          <p_ComputedSampleTime>0.0</p_ComputedSampleTime>
          <p_ComputedType>boolean</p_ComputedType>
          <p_Name>CBM_CellBalStartCmd</p_Name>
        </p_OutputPorts>
        <p_Type>ROOT</p_Type>
      </p_RootComponentInterface>
    </rootBlockDiagramInterface>
    <simulinkFunctions type="ModelRefInfoRepo.SimulinkFunctions" uuid="bacc6cdc-f811-48ce-b7e5-3066e90a52b0">
      <compSimulinkFunctionCatalog></compSimulinkFunctionCatalog>
    </simulinkFunctions>
    <sltpContext type="sltp.mm.core.Context" uuid="46f48ff4-b9c8-4be3-8e2b-81060cb87d81">
      <globalData type="sltp.mm.core.GlobalData" uuid="12d41edf-357f-42ae-bd90-ec9f3d136661">
        <dataName>portASWEnFlg</dataName>
        <type>RootInport</type>
      </globalData>
      <globalData type="sltp.mm.core.GlobalData" uuid="23af17f9-bcbe-4e4d-870c-66682fe17bcf">
        <dataName>portBMSFaultOutput</dataName>
        <type>RootOutport</type>
      </globalData>
      <globalData type="sltp.mm.core.GlobalData" uuid="256721a8-26df-44d7-9c44-b52543990c5a">
        <dataName>portCBM_CellBalStartCmd</dataName>
        <type>RootOutport</type>
      </globalData>
      <globalData type="sltp.mm.core.GlobalData" uuid="657a672f-60e1-4f9b-b916-569eaeeac918">
        <dataName>portCBM_MaxCellBalCount</dataName>
        <type>RootOutport</type>
      </globalData>
      <globalData type="sltp.mm.core.GlobalData" uuid="3ac1921b-cebf-4c88-bc6a-5aedd96a2425">
        <dataName>portFromPlant</dataName>
        <type>RootInport</type>
      </globalData>
      <globalData type="sltp.mm.core.GlobalData" uuid="08520058-a6ad-4190-9a38-4cb5b7314ac8">
        <dataName>portInputSimulationBus</dataName>
        <type>RootInport</type>
      </globalData>
      <globalData type="sltp.mm.core.GlobalData" uuid="c41106e6-67c1-4ef2-80fe-7be78980532a">
        <dataName>portToPlant</dataName>
        <type>RootOutport</type>
      </globalData>
      <priorityDirection>HighNumberLast</priorityDirection>
      <unusedTaskIds>1</unusedTaskIds>
      <defaultBarrierBehavior type="sltp.mm.core.BarrierBehavior" uuid="ce8d1256-99f9-4426-9452-b70fcdb72f30"/>
      <defaultEventBehavior type="sltp.mm.core.EventBehavior" uuid="45a46442-88cb-4b94-b80d-10d5498546a2"/>
      <editorState type="sltp.mm.core.EditorState" uuid="c73395bf-37ec-41eb-879b-688cec6a3c45">
        <isSynchronized>true</isSynchronized>
        <panelState type="sltp.mm.core.EditorPanelState" uuid="5251c0ea-70e4-47d4-b265-cd331e3fdce6"/>
      </editorState>
      <rootTask type="sltp.mm.core.Task" uuid="69d45b95-6391-4ac4-bdb7-c05bb4e7a96f">
        <context type="sltp.mm.core.Context" uuid="46f48ff4-b9c8-4be3-8e2b-81060cb87d81"/>
        <explicit>false</explicit>
        <name>Default</name>
        <priority>-2147483648</priority>
        <subgraph type="sltp.mm.core.Graph" uuid="81e92843-8f91-436a-9e3d-ca6733cece27">
          <tasks type="sltp.mm.core.Task" uuid="c30e12e3-ed1a-4d08-9a72-c297e170a962">
            <context type="sltp.mm.core.Context" uuid="46f48ff4-b9c8-4be3-8e2b-81060cb87d81"/>
            <explicit>false</explicit>
            <id>2</id>
            <isTimed>true</isTimed>
            <name>D1</name>
            <priority>40</priority>
            <rates type="sltp.mm.core.Rate" uuid="b72041fb-30f9-4891-90b6-99479eb16ee9">
              <annotation>D1</annotation>
              <color>-12240129</color>
              <identifier>ClassicPeriodicDiscrete0.0050</identifier>
              <rateIndex>0</rateIndex>
              <rateSpec type="sltp.mm.core.RateSpec">
                <period>.005</period>
              </rateSpec>
              <sti>0</sti>
            </rates>
            <rates type="sltp.mm.core.Rate" uuid="7b5f6d3d-72d3-4137-bf5f-4f043535e628">
              <annotation>D2</annotation>
              <color>986198527</color>
              <hasBlocks>true</hasBlocks>
              <rateIndex>1</rateIndex>
              <rateSpec type="sltp.mm.core.RateSpec">
                <period>.01</period>
              </rateSpec>
              <sti>1</sti>
            </rates>
          </tasks>
        </subgraph>
      </rootTask>
    </sltpContext>
    <stateWriterToOwnerMap type="ModelRefInfoRepo.StateWriterInfo" uuid="be43cd08-d585-40ef-a16e-155e2c0b0058"/>
    <stoClientDataRegistry type="sto.ClientDataRegistry" uuid="8796641a-b0c5-4e93-8638-38c99c4b712d">
      <dataSets type="sto.ClientClockNamedDataSet" uuid="27d5c2f4-1f7a-4d9c-90d1-ae8edc05e582">
        <tag>sltpEvents</tag>
      </dataSets>
      <dataSets type="sto.ClientTaskHierarchyElementNamedDataSet" uuid="54ed4136-2206-4d44-8e25-cb2c14da005e">
        <tag>sltpTaskGroups</tag>
      </dataSets>
      <dataSets type="sto.ClientTaskHierarchyElementNamedDataSet" uuid="9c3edeaa-3a3a-40eb-b149-dfa99a8bc2b7">
        <dSet type="ModelRefInfoRepo.SltpTaskData" uuid="7fa3ed70-49f8-4998-a7b5-a15db716e2da"/>
        <tSet type="ModelRefInfoRepo.SltpTaskData" uuid="7fa3ed70-49f8-4998-a7b5-a15db716e2da">
          <dataName>D1</dataName>
          <linkedSet type="sto.ClientTaskHierarchyElementNamedDataSet" uuid="9c3edeaa-3a3a-40eb-b149-dfa99a8bc2b7"/>
          <id type="sto.TaskHierarchyElementId">
            <clockId>BMS_Master::defaultTimer</clockId>
            <id>_task0</id>
          </id>
        </tSet>
        <tag>sltpTasks</tag>
      </dataSets>
    </stoClientDataRegistry>
    <varTsUIDMap type="ModelRefInfoRepo.VarTsUIDMap" uuid="04e48c68-5df6-443c-9224-f98da41063d7"/>
  </ModelRefInfoRepo.ModelRefInfoRoot>
</MF0>